PDB_ID,Residue,Chain,Strength,Observed,,PredHS2
1CDL,F12,A,N,--,,n
1CDL,F19,A,W,--,,n
1CDL,F92,A,S,**,,n
1CDL,K799,E,N,--,,n
1CDL,W800,E,S,**,,y
1CDL,K802,E,I,--,,n
1CDL,R808,E,I,--,,n
1CDL,I810,E,S,**,,y
1CDL,L813,E,S,**,,y
1DDM,I144,A,S,**,,n
1DDM,E145,A,S,**,,n
1DDM,K146,A,I,--,,n
1DDM,S148,A,N,--,,n
1DDM,C150,A,S,**,,n
1DDM,R165,A,I,--,,y
1DDM,C198,A,S,**,,n
1DDM,F2,B,I,--,,y
1DDM,S3,B,S,**,,n
1DDM,N4,B,S,**,,n
1DDM,M5,B,S,**,,n
1DDM,S6,B,S,**,,n
1DDM,F7,B,S,**,,y
1DDM,E8,B,W,--,,n
1DDM,F10,B,W,--,,n
1DFJ,K7,E,S,**,,n
1DVA,L32,H,S,**,,n
1DVA,L34,H,S,**,,n
1DVA,N37,H,N,--,,n
1DVA,I65,H,N,--,,n
1DVA,V67,H,N,--,,n
1DVA,E70,H,W,--,,n
1DVA,L73,H,N,--,,n
1DVA,S74,H,N,--,,n
1DVA,E75,H,N,--,,n
1DVA,H76,H,S,**,,n
1DVA,E80,H,N,--,,n
1DVA,S82,H,N,--,,n
1DVA,L144,H,N,--,,n
1DVA,L153,H,W,--,,n
1DVA,L2,X,S,**,,y
1DVA,R7,X,W,--,,y
1DVA,V8,X,I,--,,n
1DVA,D9,X,I,--,,y
1DVA,W11,X,S,**,,y
1DVA,Y12,X,S,**,,y
1DVA,F15,X,S,**,,y
1DZI,N154,A,I,--,,y
1DZI,Y157,A,S,**,,y
1DZI,Q215,A,S,**,,y
1DZI,D219,A,I,--,,y
1DZI,L220,A,N,--,,y
1DZI,T221,A,S,**,,y
1DZI,E256,A,N,--,,y
1DZI,H258,A,I,--,,y
1EBP,F93,A,S,**,,y
1EBP,M150,A,S,**,,y
1EBP,T151,A,W,--,,n
1EBP,F205,A,S,**,,y
1EBP,L11,C,N,--,,n
1EBP,T12,C,I,--,,n
1EBP,W13,C,S,**,,y
1ES7,F49,A,I,--,,n
1FCC,E27,C,S,**,,y
1FCC,K28,C,W,--,,n
1FCC,K31,C,S,**,,y
1FCC,N35,C,I,--,,y
1FCC,D40,C,N,--,,n
1FCC,E42,C,N,--,,n
1FCC,W43,C,S,**,,y
1FOE,S41,B,I,--,,n
1GL4,R403,A,I,--,,n
1GL4,D427,A,S,**,,n
1GL4,H429,A,S,**,,y
1GL4,Y431,A,S,**,,y
1GL4,Y440,A,I,--,,y
1GL4,E616,A,S,**,,n
1GL4,R620,A,S,**,,y
1JAT,E55,A,S,**,,n
1JAT,F8,B,S,**,,y
1K4U,R368,P,S,**,,-
1K4U,L373,P,W,--,,-
1K4U,I374,P,S,**,,-
1K4U,R377,P,W,--,,-
1K4U,T382,P,I,--,,-
1LQB,M561,D,N,--,,n
1LQB,L562,D,N,--,,y
1MQ8,T206,B,S,**,,y
1NFI,Y181,F,S,**,,y
1NFI,C215,F,N,--,,n
1UB4,F453,C,N,--,,n
1UB4,L455,C,S,**,,n
1UB4,L458,C,S,**,,y
2HHB,Y35,D,N,--,,n
2NMB,M99,A,S,**,,-
2NMB,C150,A,S,**,,-
2NMB,Y2,B,I,--,,-
2NMB,I3,B,I,--,,-
3SAK,E8,A,W,--,,n
3SAK,F10,A,S,**,,y
3SAK,T11,A,I,--,,n
3SAK,L12,A,S,**,,y
3SAK,Q13,A,W,--,,n
3SAK,I14,A,S,**,,n
3SAK,R15,A,I,--,,y
3SAK,R17,A,W,--,,n
3SAK,R19,A,S,**,,y
3SAK,F20,A,S,**,,n
3SAK,F23,A,S,**,,y
3SAK,L26,A,S,**,,y
3SAK,N27,A,I,--,,y
3SAK,L30,A,S,**,,y
3SAK,D34,A,W,--,,n
1CDL,G804,E,S,**,,n
1CDL,G811,E,I,--,,n
1CDL,R812,E,S,**,,y
1DVA,G38,H,I,--,,n
1DVA,A1,X,N,--,,n
1DVA,D5,X,W,--,,n
1DVA,Q14,X,N,--,,n
1DVA,V16,X,N,--,,n
1DX5,I24,N,N,--,,n
1DX5,F34,N,I,--,,n
1DX5,K36,N,W,--,,n
1DX5,P37,N,W,--,,n
1DX5,Q38,N,W,--,,n
1DX5,E39,N,N,--,,n
1DX5,L65,N,W,--,,n
1DX5,R67,N,S,**,,y
1DX5,E80,N,S,**,,n
1DX5,K81,N,W,--,,n
1DX5,I82,N,I,--,,n
1DX5,M84,N,N,--,,n
1DX5,K110,N,N,--,,n
1DX5,K235,N,N,--,,n
1EBP,G9,C,I,--,,n
1EBP,P10,C,I,--,,n
1ES7,V26,A,I,--,,n
1ES7,W31,A,S,**,,n
1ES7,P50,A,I,--,,n
1FAK,Q37,T,W,--,,n
1FAK,K41,T,N,--,,n
1FAK,S42,T,N,--,,n
1FAK,D44,T,W,--,,n
1FAK,Y94,T,W,--,,y
1FAK,K15,T,N,--,,n
1FAK,T17,T,N,--,,n
1FAK,N18,T,N,--,,y
1FAK,K20,T,S,**,,n
1FAK,I22,T,W,--,,n
1FAK,E24,T,W,--,,n
1FAK,S47,T,N,--,,n
1FAK,S48,T,N,--,,n
1FAK,F50,T,N,--,,n
1FAK,D58,T,S,**,,n
1FAK,E128,T,N,--,,n
1FAK,L133,T,N,--,,n
1FAK,R135,T,N,--,,n
1FAK,F140,T,I,--,,n
1FAK,T203,T,N,--,,n
1FAK,V207,T,N,--,,n
1FE8,R963,A,N,--,,n
1FE8,E987,A,N,--,,n
1FE8,H990,A,N,--,,n
1FE8,H1023,A,N,--,,n
1FOE,G54,B,S,**,,n
1G3I,D438,A,S,**,,n
1G3I,L439,A,S,**,,n
1G3I,R441,A,S,**,,n
1G3I,F442,A,S,**,,n
1G3I,I443,A,S,**,,n
1G3I,L444,A,S,**,,n
1IHB,N101,B,N,--,,n
1IHB,R133,B,W,--,,y
1IHB,H135,B,W,--,,y
1IHB,K136,B,I,--,,n
1JPP,K345,B,S,**,,n
1JPP,K354,B,N,--,,n
1JPP,W383,B,S,**,,n
1JPP,R386,B,I,--,,n
1JPP,K435,B,I,--,,n
1JPP,R469,B,I,--,,n
1JPP,H470,B,I,--,,n
1NUN,D76,A,I,--,,n
1NUN,R78,A,I,--,,y
1NUN,R155,A,I,--,,n
